post_id,subreddit,author,sentiment_label,sentiment_score
7ndtyy,TIMESINDIAauto,AutoNewsAdmin,negative,0.9321285486221313
7ndu9l,AutoNewspaper,AutoNewspaperAdmin,negative,0.9257886409759521
7nfc46,OnlineBargains,dfslol,neutral,0.9256648421287537
7ng02z,superhot,[deleted],neutral,0.926091194152832
7nghsp,GameDeals,gamedealsmod,neutral,0.8897370100021362
7ngkcl,NHLHUT,Karlssens65_,neutral,0.866601288318634
7nguxl,halifax,DollarMacBig,neutral,0.9112974405288696
7njcta,pics,TheSmugCanadian,neutral,0.8451061248779297
7njsjp,TIMESINDIAauto,AutoNewsAdmin,neutral,0.5840427875518799
7nkfvw,AutoNewspaper,AutoNewspaperAdmin,neutral,0.4546865224838257
7ns2je,funny,JVYLVCK,neutral,0.8624593019485474
7ntj3e,buffalobills,Canzalone9,neutral,0.9052085876464844
7nunrk,newstweetfeed,jeff98379,neutral,0.8875862956047058
7nusnz,gifbot,AutoGif,neutral,0.9085839986801147
7nvocu,superhot,SzymonKrukowski,neutral,0.946107029914856
7nvty4,Filmmakers,hugh-r-man,neutral,0.9122292995452881
7nvtya,Chattanooga,theman423,negative,0.6931895613670349
7nw2w7,newstweetfeed,jeff98379,neutral,0.9249922037124634
7nxk65,videos,VLPaulieB,neutral,0.9308764338493347
7nxno1,newstweetfeed,jeff98379,neutral,0.8865629434585571
7nxomp,HotVids,phuongnewrich2016,neutral,0.9308764338493347
7nxq70,funny,marcianitou,negative,0.9224224090576172
7nxx6l,McDonalds,fresnel-rebop,neutral,0.818516194820404
7nyrfu,CrappyDesign,vagabond_nerd,neutral,0.8926370739936829
7o0lqp,AskReddit,Cash2701,neutral,0.6159011125564575
7o0ne2,newstweetfeed,jeff98379,neutral,0.9242775440216064
7o0sag,AskReddit,Cash2701,neutral,0.7440195679664612
7o2qvi,AskReddit,Cash2701,neutral,0.7788365483283997
7o56vh,thesopranos,monstermase,neutral,0.7696847915649414
7o5inc,stocks,RainMakerAndy,neutral,0.9238080978393555
7o5vn0,wallstreetbets,smurugby12,neutral,0.9278937578201294
7o7wki,stocks,choonggg,neutral,0.7987869381904602
7obsoh,buffalobills,zquest13,neutral,0.9166439175605774
7ocys4,1Broker,MarshSplash,neutral,0.9044950008392334
7odlw1,Showerthoughts,[deleted],neutral,0.7356352806091309
7odm8e,Showerthoughts,DariusMDeV,neutral,0.8049808740615845
7og06r,superhot,SzymonKrukowski,neutral,0.9191451668739319
7oghi6,SteamKiwi,SteamKiwi,neutral,0.9290466904640198
7oh33i,SteamKiwi,SteamKiwi,neutral,0.9249852299690247
7oiu28,u_jezzamotors,jezzamotors,neutral,0.5985695123672485
7oldlx,stocks,Legendary_Thor,neutral,0.8366616368293762
7oozcs,medical,dlindsey23,negative,0.6682479977607727
7ousa5,singapore,curioustriangle,positive,0.46787914633750916
7out18,ImagesOfSingapore,ImagesOfNetwork,positive,0.46787914633750916
7p09n6,u_RaginRuth,RaginRuth,neutral,0.6546362638473511
7p2ny4,suns,pokemon2012,neutral,0.8990704417228699
7p2o3f,StockMarket,moneta7,neutral,0.9212586283683777
7p2zhf,rickandmorty,WithYouInSpirit99,neutral,0.8926738500595093
7p487f,MGTOW,Sithcipherdias,negative,0.755158007144928
7p6w9v,NHLHUT,razby9,neutral,0.9091018438339233
7p97xj,trees,[deleted],neutral,0.7236793637275696
7pbt2j,TIMESINDIAauto,AutoNewsAdmin,negative,0.9252009391784668
7pbwta,AutoNewspaper,AutoNewspaperAdmin,negative,0.8713123202323914
7pcu63,vancouver,henrylearn2rock,neutral,0.9135644435882568
7pdiij,dubai,sandysaul,neutral,0.9272316098213196
7pe1a6,dubai,GroundedCumulus,neutral,0.903776228427887
7pejlc,HailCorporate,Sonny_Jim_Pin,neutral,0.9262901544570923
7plhw4,stopdrinking,back_azimuth,neutral,0.537623941898346
7plpqg,theydidthemath,ThermodynamicArson,neutral,0.9261792898178101
7ppzwq,u_auntielife,auntielife,neutral,0.8389654159545898
7pq26v,keto,auntielife,neutral,0.8798515796661377
7pqn9j,keto,wildcatgoal,neutral,0.8484067916870117
7ps3vd,superhot,SzymonKrukowski,neutral,0.8282884359359741
7psjn5,ChinaVloggers,tbrrynem,neutral,0.9329895377159119
7psrxi,vlogger,tbrrynem,neutral,0.9353679418563843
7pweea,loseit,PunchMeat,neutral,0.926191508769989
7q1zqm,WayOfTheBern,expletivdeleted,neutral,0.7769763469696045
7q28vh,PewdiepieSubmissions,DatBronyBoi,neutral,0.8180026412010193
7q39r0,HeavyMetalBoneyard,HeavyMetalBoneyard,neutral,0.9170169830322266
7q3bn0,MurderedByWords,Mini_Yi,neutral,0.8832897543907166
7q3lrw,AskThe_Donald,mozzarellafanboys,neutral,0.8761460781097412
7q3tew,news,medicaltimesofindia,neutral,0.6542558073997498
7q52ah,Showerthoughts,tdmindville,neutral,0.8421913981437683
7q6acz,CringeAnarchy,SlamJamWarrior,neutral,0.940523087978363
7q6mt2,diagnose,DarkAlman,negative,0.5675053000450134
7qcbp9,SingleUseCodes,TheeBlazingOne,neutral,0.8899282813072205
7qd25e,stocks,Uilleam_Uallas,neutral,0.7891069650650024
7qd2uf,XSomalian,som_233,neutral,0.8219382166862488
7qdehz,ValueInvesting,Uilleam_Uallas,neutral,0.891229510307312
7qepzq,CrappyDesign,ohlookanedgymeme,negative,0.5481025576591492
7qeqrn,ImagesOfAustralia,ImagesOfNetwork,negative,0.5481025576591492
7qh0ql,singapore,VPee,neutral,0.9052475690841675
7qh1ao,singapore,VPee,neutral,0.8414211869239807
7qkkqm,superhotARG,Mojzauke,neutral,0.9330642819404602
7qlhaf,Paleo,Disturbed_Wolf88,negative,0.8533148169517517
7qnksc,tests,TSLPBot,neutral,0.8668156266212463
7qnmgq,pkmntcgtrades,CoolDadNick,neutral,0.8384736776351929
7qnnlb,tests,TSLPBot,neutral,0.8583667278289795
7qnqu5,test,TSLPBot,neutral,0.8595499992370605
7qotnr,McDonalds,idontknowwhereis,negative,0.5507032871246338
7qotob,options,fedexlostmypackage,neutral,0.8510254621505737
7qpvnn,hiphopheads,akki666,neutral,0.8995720148086548
7qpvsl,rangers,Diceeeeeee,neutral,0.8921608924865723
7qsdyk,StockMarket,bigbear0083,positive,0.5284038186073303
7qsebh,stocks,bigbear0083,negative,0.749431312084198
7qsjhc,rangers,Y2Jerich0,neutral,0.7172086238861084
7qtos1,Bossfight,poorandstandard,neutral,0.7293821573257446
7qtson,raisedbynarcissists,AerisaFoxFeather,neutral,0.6407140493392944
7qvgo5,newstweetfeed,jeff98379,neutral,0.9255778193473816
7qvt1w,superhot,adamzam,neutral,0.9243031740188599
7neolz,teslamotors,AutoModerator,neutral,0.933750569820404
7ngqni,wallstreetbets,juicegod101,neutral,0.9049702286720276
7nhgga,wallstreetbets,ape-x-predator,positive,0.8521433472633362
7nhlql,stocks,dgord0,neutral,0.7771947383880615
7nilv2,teslamotors,[deleted],neutral,0.7293027639389038
7nmmja,NotTooSeriousBusiness,NTSBbot,negative,0.4837896227836609
7nn1sz,teslamotors,gora321,neutral,0.38544413447380066
7nnies,BTCNews,BTCNews,positive,0.9458580613136292
7nnvxu,u_barbarasnowinsummer,barbarasnowinsummer,neutral,0.8575981259346008
7npyh0,NotTooSeriousBusiness,NTSBbot,neutral,0.612049400806427
7nri2s,wallstreetbets,john-r,neutral,0.9072197079658508
7nrt3y,django,ghostofgbt,neutral,0.9391400218009949
7nug1e,Optionmillionaires,upbstock,neutral,0.8439754843711853
7nvhqt,NotTooSeriousBusiness,NTSBbot,neutral,0.47919216752052307
7nvqlw,Stock_Picks,barbarasnowinsummer,positive,0.9458580613136292
7nvvs5,wallstreetbets,ftgyuuit,neutral,0.7627316117286682
7nw7t6,teslamotors,beastpilot,positive,0.7590315937995911
7nw8n7,BTCNews,BTCNews,negative,0.8170788884162903
7nxwik,newsbotbot,-en-,neutral,0.920903742313385
7nxwim,newsbotbot,-en-,positive,0.9501799941062927
7nxwis,newsbotbot,-en-,negative,0.9734032154083252
7nxwu0,wallstreetbets,[deleted],neutral,0.8516309857368469
7nxxd7,wallstreetbets,pdrq,neutral,0.8910379409790039
7nxxtz,newsbotbot,-en-,positive,0.748359739780426
7ny0ix,BTCNews,BTCNews,negative,0.9287421703338623
7ny3uv,StocksAndBoobs,PM_ME_BOOBPIX,neutral,0.9408181309700012
7nykd7,BTCNews,BTCNews,negative,0.9419846534729004
7nyki5,NBCauto,AutoNewsAdmin,neutral,0.9451133608818054
7nyuxd,AutoNewspaper,AutoNewspaperAdmin,neutral,0.9458582997322083
7nyw5b,stocks,educatedhippie01,negative,0.9616681337356567
7nzdcb,thenewsrightnow,personaontherun,neutral,0.9074671268463135
7nzshk,wallstreetbets,Pura_Pita,neutral,0.8045246005058289
7o0inp,wallstreetbets,isit5pmnyet,neutral,0.5959031581878662
7o0k5v,newstweetfeed,jeff98379,neutral,0.9292422533035278
7o0tpn,weedstocks,crjlsm,neutral,0.6899194717407227
7o18a6,newsbotbot,-en-,negative,0.965103268623352
7o1yt2,newsbotbot,-en-,negative,0.9664061069488525
7o2qd2,newsbotbot,-en-,negative,0.9648576974868774
7o2vo7,wallstreetbets,jyz002,neutral,0.9299620985984802
7o2y64,stocks,DefinitelyNotCake,neutral,0.9055522680282593
7o2yhz,BTCNews,BTCNews,negative,0.9472836852073669
7o2zbe,NBCauto,AutoNewsAdmin,neutral,0.7296549081802368
7o3a4h,AutoNewspaper,AutoNewspaperAdmin,neutral,0.8326746821403503
7o3dpb,newsbotbot,-en-,negative,0.966045081615448
7o3k6a,thenewsrightnow,personaontherun,neutral,0.8529217839241028
7o46j0,teslamotors,[deleted],neutral,0.9184476733207703
7o4bqg,thenewsrightnow,personaontherun,negative,0.9472836852073669
7o5p0t,wallstreetbets,Tarik1989,neutral,0.853790283203125
7ob50m,teslamotors,houston_wehaveaprblm,neutral,0.7329146862030029
7ob5yp,wallstreetbets,zachariase,neutral,0.8824412226676941
7oblf5,NotTooSeriousBusiness,NTSBbot,negative,0.4878586232662201
7oblnk,RealTesla,cliffordcat,neutral,0.7329146862030029
7ocmgu,options,huck1,neutral,0.8864956498146057
7od804,SFCHRONauto,AutoNewsAdmin,neutral,0.913251519203186
7odc32,AutoNewspaper,AutoNewspaperAdmin,neutral,0.9195362329483032
7odl7o,SFCHRONauto,AutoNewsAdmin,neutral,0.913251519203186
7oe17e,AutoNewspaper,AutoNewspaperAdmin,neutral,0.9195362329483032
7ofrzq,wallstreetbets,acj21,neutral,0.673004686832428
7ogyyv,financialindependence,polyinky,neutral,0.8417724967002869
7onzc4,wallstreetbets,gotwaffles,neutral,0.8567876219749451
7ooihm,NotTooSeriousBusiness,NTSBbot,negative,0.5063405632972717
7os4ly,RealTesla,cliffordcat,neutral,0.8758665323257446
7oum9t,NotTooSeriousBusiness,NTSBbot,neutral,0.48846983909606934
7oxyic,u_barbarasnowinsummer,barbarasnowinsummer,neutral,0.8888784050941467
7ozhfk,teslamotors,Zubiarahmed12200,negative,0.9512598514556885
7ozp2v,teslamotors,nickt784,positive,0.7096195220947266
7ozs7l,teslamotors,Jeweled_Peasant,neutral,0.5351819396018982
7p00mb,wallstreetbets,Oh4Sh0,neutral,0.8402719497680664
7p01ji,wallstreetbets,Cricket620,positive,0.831246554851532
7p46su,wallstreetbets,_xDEADBEEF,neutral,0.9072197079658508
7p483x,NotTooSeriousBusiness,NTSBbot,negative,0.5533660650253296
7p5lge,wallstreetbets,WorthyAlpaca,neutral,0.7584844827651978
7p5rqs,u_gora321,gora321,neutral,0.9285616278648376
7pbrlx,wallstreetbets,[deleted],neutral,0.838188648223877
7pbt1h,NotTooSeriousBusiness,NTSBbot,negative,0.5553556084632874
7pbvdt,investing,MeDeadlift,neutral,0.8900824785232544
7pezfp,StocksAndBoobs,PM_ME_BOOBPIX,neutral,0.8934419751167297
7pgy10,newsbotbot,-en-,neutral,0.9353170394897461
7pk8ii,NotTooSeriousBusiness,NTSBbot,negative,0.5258110761642456
7pkrn8,wallstreetbets,imadirtycup,negative,0.6980543732643127
7po9wo,newstweetfeed,jeff98379,neutral,0.9052374958992004
7pqkzx,technology,tux_greyhat,neutral,0.9254795908927917
7pqlfw,Futurology,tux_greyhat,neutral,0.9254795908927917
7pqn9k,wallstreetbets,Difth,neutral,0.9206231832504272
7pqzdd,wallstreetbets,pdrq,neutral,0.9407185316085815
7pt08h,NotTooSeriousBusiness,NTSBbot,negative,0.5247871279716492
7q1jye,NotTooSeriousBusiness,NTSBbot,neutral,0.49163368344306946
7qd2pf,stocks,FrostyPeppermint,neutral,0.947882890701294
7qj2ca,teslamotors,AutoModerator,neutral,0.933750569820404
7qvln0,teslamotors,[deleted],negative,0.653805673122406
7qwe69,newstweetfeed,jeff98379,neutral,0.9388812184333801
7qy1t3,options,TTG2139,neutral,0.704026460647583
7r0mny,NotTooSeriousBusiness,NTSBbot,negative,0.5033431053161621
7r11gu,RealTesla,lamarcus,neutral,0.8178747892379761
7r7et6,RealTesla,frenlaven,neutral,0.7639049291610718
7rbanv,AMD_Stock,jdtraub,neutral,0.5813136696815491
7rdd6s,wallstreetbets,pdrq,neutral,0.9187295436859131
7rdzqa,stock,adezalfa,neutral,0.9426668882369995
7rgcf5,autotldr,autotldr,negative,0.4412132799625397
7rhs77,stocks,dsarthe,neutral,0.8889613151550293
7nfzp3,RobinHood,CardinalNumber,neutral,0.941638171672821
7nhyym,RobinHoodPennyStocks,Friezan,positive,0.7181021571159363
7ni2nx,stocks,WhenTimeFalls,neutral,0.8337568640708923
7ni2wv,RobinHood,WhenTimeFalls,neutral,0.843751847743988
7ni53m,investing,WhenTimeFalls,neutral,0.843751847743988
7nmgw3,StockMarket,VRgamer84,neutral,0.8705871105194092
7nmmja,NotTooSeriousBusiness,NTSBbot,negative,0.4837896227836609
7nodis,linuxmasterrace,castatech,neutral,0.614997148513794
7npyh0,NotTooSeriousBusiness,NTSBbot,neutral,0.612049400806427
7nqiyc,Surface,Soullise,neutral,0.9174667596817017
7nr2r1,stocks,vertilius,neutral,0.9281875491142273
7nrwu4,stocks,[deleted],neutral,0.9260704517364502
7nryd7,stocks,KidsWifeJob,neutral,0.9316446185112
7nsexv,stocks,brownlegend,neutral,0.9313552975654602
7nsntb,microsoft,MRstealYOrox,neutral,0.9107084274291992
7nuf7p,portfolios,Newerme_,neutral,0.9269156455993652
7nunrk,newstweetfeed,jeff98379,neutral,0.8875862956047058
7nvhqt,NotTooSeriousBusiness,NTSBbot,neutral,0.47919216752052307
7nxp3n,carriers,vajrakayatechnologie,positive,0.848635196685791
7nyxyz,SQLServer,Dig_Ag,neutral,0.9375898838043213
7o00h4,stocks,TheSirLeAwesome,neutral,0.7996233105659485
7o01p4,ShareYourBlogPost,BriefNewsEu,negative,0.7529090046882629
7o19va,newsbotbot,-en-,neutral,0.8239244222640991
7o25z9,newsbotbot,-en-,negative,0.6703439950942993
7o3o9o,carriers,vajrakayatechnologie,positive,0.7413153648376465
7o56xl,newsbotbot,-en-,neutral,0.8656283020973206
7o647l,carriers,vajrakayatechnologie,neutral,0.9235820174217224
7o7b8b,investing,red_dollar,neutral,0.8963240385055542
7o8elr,xboxone,PolkAudioGuy,neutral,0.8976698517799377
7oa4a1,WindowsMR,JimmyTango,neutral,0.8469502925872803
7oblf5,NotTooSeriousBusiness,NTSBbot,negative,0.4878586232662201
7obnzg,carriers,vajrakayatechnologie,neutral,0.9343443512916565
7oboqz,AdviceAnimals,schmak01,neutral,0.8320660591125488
7ogyyv,financialindependence,polyinky,neutral,0.8417724967002869
7ohugi,RobinHood,Ghiklm,neutral,0.9289120435714722
7on2kz,stocks,WhiteBoardFinance,neutral,0.9052247405052185
7ondx2,stocks,rikuking241,neutral,0.9290376305580139
7onglc,RobinHood,Robborino,neutral,0.9237952828407288
7onkqv,wallstreetbets,rikuking241,neutral,0.9005652666091919
7onl1g,xboxone,thegreatestajax,neutral,0.8686291575431824
7ooihm,NotTooSeriousBusiness,NTSBbot,negative,0.5063405632972717
7oum9t,NotTooSeriousBusiness,NTSBbot,neutral,0.48846983909606934
7ov4mk,mildlyinteresting,[deleted],neutral,0.8641020655632019
7ovky8,screenshots,[deleted],neutral,0.7940446734428406
7oyqoe,carriers,vajrakayatechnologie,neutral,0.7046737670898438
7oz97s,Optionmillionaires,upbstock,positive,0.6361099481582642
7p1mfu,microsoft,schmak01,neutral,0.9143096208572388
7p2o3f,StockMarket,moneta7,neutral,0.9212586283683777
7p34ir,cscareerquestions,localcdn,neutral,0.8922376036643982
7p483x,NotTooSeriousBusiness,NTSBbot,negative,0.5533660650253296
7p7jas,StockMarket,bigbear0083,neutral,0.8111013174057007
7p7pbh,RobinHood,gratefulmarmot,neutral,0.8691539168357849
7p7wz8,carriers,vajrakayatechnologie,neutral,0.913340151309967
7p97jd,BTCNews,BTCNews,negative,0.9736441969871521
7paixp,thewallstreet,hibernating_brain,positive,0.9126201272010803
7parai,peripherals,logans_runner,neutral,0.9210354685783386
7pbt1h,NotTooSeriousBusiness,NTSBbot,negative,0.5553556084632874
7pfn0b,STOCKMARKETNEWS,JohnfDorsey,neutral,0.784318208694458
7phwhk,carriers,vajrakayatechnologie,neutral,0.8633995056152344
7pit2q,carriers,vajrakayatechnologie,positive,0.6614255905151367
7pk8ii,NotTooSeriousBusiness,NTSBbot,negative,0.5258110761642456
7pq5vr,stocks,FoghornLegporn,neutral,0.8869948387145996
7pqi3m,Surface,Xornial,neutral,0.7774699330329895
7prhuu,carriers,vajrakayatechnologie,neutral,0.8225782513618469
7pt08h,NotTooSeriousBusiness,NTSBbot,negative,0.5247871279716492
7ptjpp,wallstreetbets,badtradesguy,neutral,0.9240800142288208
7ptrzj,investing,ghostofgbt,neutral,0.8991205096244812
7pun17,queensuniversity,Justnotaa,neutral,0.8990291357040405
7pv54i,stocks,abosnoyan,neutral,0.8934623599052429
7pxq5o,wallstreetbets,Beandog0829,neutral,0.5131645798683167
7pyex0,carriers,vajrakayatechnologie,neutral,0.922325849533081
7pzelq,RobinHood,hkindness,negative,0.8123873472213745
7pziag,stocks,KidsWifeJob,neutral,0.8819000124931335
7pzovq,RobinHood,CardinalNumber,neutral,0.9315212965011597
7pzx7z,SonyXperia,AHandsawHaven,neutral,0.9087024927139282
7q00rb,windowsphone,AHandsawHaven,neutral,0.9087024927139282
7q0mx3,wallstreetbets,[deleted],neutral,0.8345566391944885
7q13t4,stocks,[deleted],neutral,0.8324072957038879
7q1jye,NotTooSeriousBusiness,NTSBbot,neutral,0.49163368344306946
7q4fof,redmond,kshyju,neutral,0.8824477195739746
7q6rvd,Windows10,smoledman,neutral,0.8514573574066162
7q8cqu,HomeNetworking,dylmye,neutral,0.9339511394500732
7qcou0,techsupport,qu1et1,neutral,0.9097495675086975
7qdwo8,RobinHood,Dellasaurus_Rex,neutral,0.9102417826652527
7qeb31,investing,jsther,neutral,0.9248348474502563
7qew9w,CanadianInvestor,fierydragon87,neutral,0.9229167103767395
7qfc42,options,jsther,neutral,0.9016680121421814
7qfvm9,sony,AHandsawHaven,neutral,0.9087024927139282
7qgivw,pcmasterrace,[deleted],neutral,0.9224025011062622
7qgj0f,CrappyDesign,[deleted],neutral,0.8772463798522949
7qgj4v,softwaregore,[deleted],neutral,0.9224025011062622
7qkv5l,stocks,forestroad179,neutral,0.8037382364273071
7qlc8k,personalfinance,[deleted],neutral,0.9305292963981628
7qomwr,thinkpad,vincentvera,neutral,0.9047081470489502
7qpuu1,gaming,ntabulat0r,neutral,0.789957582950592
7qre21,RobinHood,phantom1421,neutral,0.8692032694816589
7qvj5q,wallstreetbets,judocouch,neutral,0.9061422944068909
7qvmsi,personalfinance,M_u_l_t_i_p_a_s_s,neutral,0.9473695755004883
7qvu71,stocks,VRgamer84,neutral,0.6980379223823547
7qw18i,SCCM,JeremySysEng,neutral,0.8866255283355713
7nfzp3,RobinHood,CardinalNumber,neutral,0.941638171672821
7nhc2r,investing,InvestingLifeSavings,neutral,0.7918382883071899
7nhwud,stocks,Djg35,neutral,0.8992606997489929
7ni0o7,personalfinance,Djg35,neutral,0.9121271371841431
7ni2nx,stocks,WhenTimeFalls,neutral,0.8337568640708923
7ni2wv,RobinHood,WhenTimeFalls,neutral,0.843751847743988
7ni53m,investing,WhenTimeFalls,neutral,0.843751847743988
7niml4,stocks,[deleted],neutral,0.8798417448997498
7nj52k,thewallstreet,MRPguy,neutral,0.8371378779411316
7nmgc5,StockMarket,bigbear0083,positive,0.5448448657989502
7nmgvh,stocks,bigbear0083,negative,0.7413215637207031
7nmgw3,StockMarket,VRgamer84,neutral,0.8705871105194092
7nmmja,NotTooSeriousBusiness,NTSBbot,negative,0.4837896227836609
7nmu8a,netflix,Xo0om,neutral,0.890994668006897
7nmvnw,Conservative,kotov9syndrome,neutral,0.8722102046012878
7nmz9h,StocksAndBoobs,PM_ME_BOOBPIX,neutral,0.8722102046012878
7nndwd,newstweetfeed,jeff98379,negative,0.8186861872673035
7nnvxu,u_barbarasnowinsummer,barbarasnowinsummer,neutral,0.8575981259346008
7nnyqd,apple,reseph,neutral,0.8722102046012878
7np22y,BTCNews,BTCNews,negative,0.9129390716552734
7np3fh,options,mikegosty,neutral,0.8481007814407349
7npfog,UKFinanceOver30,mike7circles,neutral,0.8722102046012878
7npyh0,NotTooSeriousBusiness,NTSBbot,neutral,0.612049400806427
7nr2r1,stocks,vertilius,neutral,0.9281875491142273
7nr9x9,wallstreetbets,The_Sock_999,neutral,0.9287151098251343
7nrt3y,django,ghostofgbt,neutral,0.9391400218009949
7ns827,wallstreetbets,[deleted],neutral,0.9462010860443115
7nsd78,investing,[deleted],neutral,0.9333937764167786
7nug1e,Optionmillionaires,upbstock,neutral,0.8439754843711853
7nunrk,newstweetfeed,jeff98379,neutral,0.8875862956047058
7nv0qv,wallstreetbets,internetf1fan,neutral,0.8804982304573059
7nv92s,newstweetfeed,jeff98379,neutral,0.6305554509162903
7nvhqt,NotTooSeriousBusiness,NTSBbot,neutral,0.47919216752052307
7nxno1,newstweetfeed,jeff98379,neutral,0.8865629434585571
7o01p4,ShareYourBlogPost,BriefNewsEu,negative,0.7529090046882629
7o19va,newsbotbot,-en-,neutral,0.8239244222640991
7o1g8b,STOCKMARKETNEWS,GTCnews,positive,0.771745502948761
7o1g8p,u_GTCnews,GTCnews,positive,0.771745502948761
7o25z9,newsbotbot,-en-,negative,0.6703439950942993
7o4rg7,stocks,haykay12,neutral,0.7620987892150879
7o50do,personalfinance,alrash,neutral,0.8610764741897583
7o56xl,newsbotbot,-en-,neutral,0.8656283020973206
7o7ddt,Daytrading,gialuan,neutral,0.9357228875160217
7o817c,investing,oarabbus,neutral,0.9088224768638611
7o96g5,GlobalOffensive,thats_not_rite223,negative,0.9245578050613403
7o9myb,newsbotbot,-en-,negative,0.6970692276954651
7o9ucq,u_GTCnews,GTCnews,positive,0.8568016290664673
7o9ud6,STOCKMARKETNEWS,GTCnews,positive,0.8568016290664673
7oan35,newsbotbot,-en-,neutral,0.7507211565971375
7ob5c1,NBCauto,AutoNewsAdmin,neutral,0.8903383612632751
7obi61,AutoNewspaper,AutoNewspaperAdmin,neutral,0.9029018878936768
7obl45,thenewsrightnow,personaontherun,neutral,0.9094723463058472
7oblf5,NotTooSeriousBusiness,NTSBbot,negative,0.4878586232662201
7oc39m,worldpolitics,jogman308,positive,0.6174892783164978
7oehzy,investing,KarmaKingKong,neutral,0.7186868786811829
7ohugi,RobinHood,Ghiklm,neutral,0.9289120435714722
7olo2k,StockConsultant,StockConsultant,positive,0.6911646723747253
7omfpc,Dumb,Ardo14,neutral,0.8142919540405273
7ooihm,NotTooSeriousBusiness,NTSBbot,negative,0.5063405632972717
7ot0f9,stocks,blackdragon1299,neutral,0.7006278038024902
7ot0qk,StockMarket,blackdragon1299,neutral,0.7006278038024902
7ou29w,wallstreetbets,conRAMU,neutral,0.5962610244750977
7oum9t,NotTooSeriousBusiness,NTSBbot,neutral,0.48846983909606934
7oxyic,u_barbarasnowinsummer,barbarasnowinsummer,neutral,0.8888784050941467
7oy4ig,apple,exploding_m1,negative,0.9542292952537537
7oyowz,StockMarket,bigbear0083,neutral,0.8822768330574036
7oyp6i,stocks,bigbear0083,positive,0.6051506400108337
7oz97s,Optionmillionaires,upbstock,positive,0.6361099481582642
7ozbui,wallstreetbets,RollerRagerMD,neutral,0.8238524198532104
7p1yzp,stocks,VRgamer84,neutral,0.6337174773216248
7p2o3f,StockMarket,moneta7,neutral,0.9212586283683777
7p483x,NotTooSeriousBusiness,NTSBbot,negative,0.5533660650253296
7p5xrq,InvestCrypto,GTCnews,negative,0.9738863706588745
7p6668,InvestFeed,GTCnews,negative,0.9738863706588745
7p6ilw,newsbotbot,-en-,neutral,0.6266520023345947
7p6koh,Investing101,GTCnews,negative,0.9738863706588745
7p6ngl,investing_discussion,GTCnews,negative,0.9738863706588745
7p6q1m,InvestInIdeas,GTCnews,negative,0.9738863706588745
7p6v5e,InvestInme,GTCnews,negative,0.9738863706588745
7p6xiy,Optionmillionaires,upbstock,neutral,0.5393279790878296
7p6xo9,InvestmentBanking123,GTCnews,negative,0.9738863706588745
7p73fn,STOCKMARKETNEWS,GTCnews,negative,0.9738863706588745
7p7f8h,newsbotbot,-en-,neutral,0.6915166974067688
7p7pbh,RobinHood,gratefulmarmot,neutral,0.8691539168357849
7p7zzc,BTCNews,BTCNews,neutral,0.521957278251648
7pbacq,options,iamjustanapper,neutral,0.8179411888122559
7pbt1h,NotTooSeriousBusiness,NTSBbot,negative,0.5553556084632874
7pbw3l,BitcoinAll,Alek_Eleutherios,neutral,0.9195336699485779
7pjt54,wallstreetbets,billybuttsniffer,neutral,0.8596858978271484
7pk6fe,wallstreetbets,[deleted],neutral,0.9388586282730103
7pk8ii,NotTooSeriousBusiness,NTSBbot,negative,0.5258110761642456
7pp62v,wallstreetbets,conRAMU,neutral,0.8061491250991821
7ppf89,wallstreetbets,brutalpancake,neutral,0.8229987621307373
7pqqkr,stocks,hugokhf,neutral,0.9385530352592468
7pqrbw,StockConsultant,StockConsultant,neutral,0.7901993989944458
7pt08h,NotTooSeriousBusiness,NTSBbot,negative,0.5247871279716492
7ptjpp,wallstreetbets,badtradesguy,neutral,0.9240800142288208
7ptrzj,investing,ghostofgbt,neutral,0.8991205096244812
7pu77f,StockMarket,Dashover,neutral,0.7437705397605896
7puvzg,technology,spykeeda,neutral,0.9343842267990112
7nhux3,datamining,behnamrahdari,neutral,0.8946483135223389
7nhuxb,datamining,behnamrahdari,neutral,0.8348128199577332
7nhyym,RobinHoodPennyStocks,Friezan,positive,0.7181021571159363
7ni2nx,stocks,WhenTimeFalls,neutral,0.8337568640708923
7ni2wv,RobinHood,WhenTimeFalls,neutral,0.843751847743988
7ni53m,investing,WhenTimeFalls,neutral,0.843751847743988
7nmm8y,u_GTCnews,GTCnews,neutral,0.7609887719154358
7nmmb3,STOCKMARKETNEWS,GTCnews,neutral,0.7609887719154358
7nmmja,NotTooSeriousBusiness,NTSBbot,negative,0.4837896227836609
7npyh0,NotTooSeriousBusiness,NTSBbot,neutral,0.612049400806427
7nq27t,wallstreetbets,[deleted],neutral,0.9140006899833679
7nr2r1,stocks,vertilius,neutral,0.9281875491142273
7nr8rv,wallstreetbets,Texas_Rangers,neutral,0.8841974139213562
7ntpb3,wallstreetbets,GrapeJelly33,neutral,0.9326898455619812
7nvhqt,NotTooSeriousBusiness,NTSBbot,neutral,0.47919216752052307
7nvig5,wallstreetbets,harrysown,neutral,0.9336816668510437
7nvvs5,wallstreetbets,ftgyuuit,neutral,0.7627316117286682
7nwlek,Daytrading,ROMason,neutral,0.951846182346344
7nxfyc,stock,moneta7,neutral,0.8967457413673401
7nxsbi,wallstreetbets,[deleted],neutral,0.9024289846420288
7o1g8b,STOCKMARKETNEWS,GTCnews,positive,0.771745502948761
7o1g8p,u_GTCnews,GTCnews,positive,0.771745502948761
7o2jb7,stocks,sreekanth_a,neutral,0.8524080514907837
7o4fca,options,Andres_87,neutral,0.8977929949760437
7o768c,stocks,Legendary_Thor,neutral,0.8029082417488098
7o88vl,StocksAndBoobs,PM_ME_BOOBPIX,neutral,0.9348323941230774
7oblf5,NotTooSeriousBusiness,NTSBbot,negative,0.4878586232662201
7oc04y,Tronix,alohacrypto,neutral,0.9331037402153015
7od76m,stocks,vertilius,neutral,0.8433963060379028
7oevcr,wallstreetbets,mikebarronsucks,neutral,0.930816650390625
7ofh4w,wallstreetbets,shibatrainer,neutral,0.9283795356750488
7ofrzq,wallstreetbets,acj21,neutral,0.673004686832428
7ojll9,Blind,luftkommandant,negative,0.5680976510047913
7okgdg,newstweetfeed,jeff98379,neutral,0.9437204003334045
7olr04,The_Profit,theprofitgod,neutral,0.9370061159133911
7omk8r,thewallstreet,ClearParadox,neutral,0.9290836453437805
7ooihm,NotTooSeriousBusiness,NTSBbot,negative,0.5063405632972717
7oq2dj,wallstreetbets,the-skunk,neutral,0.4823285639286041
7ot0f9,stocks,blackdragon1299,neutral,0.7006278038024902
7ot0qk,StockMarket,blackdragon1299,neutral,0.7006278038024902
7ou29w,wallstreetbets,conRAMU,neutral,0.5962610244750977
7oufmg,AMD_Stock,DieAntw00rd,neutral,0.9361497759819031
7oum9t,NotTooSeriousBusiness,NTSBbot,neutral,0.48846983909606934
7ovya4,wallstreetbets,ggndps,neutral,0.8898863196372986
7owk8m,wallstreetbets,toxictux,neutral,0.9042524695396423
7ox0vb,wallstreetbets,[deleted],positive,0.6318867802619934
7oxyic,u_barbarasnowinsummer,barbarasnowinsummer,neutral,0.8888784050941467
7oy7a0,wallstreetbets,Cygopat,neutral,0.8012029528617859
7oyowz,StockMarket,bigbear0083,neutral,0.8822768330574036
7oyp6i,stocks,bigbear0083,positive,0.6051506400108337
7oyxc1,wallstreetbets,brutalpancake,neutral,0.8716407418251038
7oz97s,Optionmillionaires,upbstock,positive,0.6361099481582642
7p10ir,wallstreetbets,Air_Jordan10,neutral,0.5504259467124939
7p1le1,wallstreetbets,esimp,neutral,0.9357609152793884
7p483x,NotTooSeriousBusiness,NTSBbot,negative,0.5533660650253296
7p5ob4,wallstreetbets,ArseHolder,negative,0.8696532845497131
7p5xrq,InvestCrypto,GTCnews,negative,0.9738863706588745
7p6668,InvestFeed,GTCnews,negative,0.9738863706588745
7p6koh,Investing101,GTCnews,negative,0.9738863706588745
7p6ngl,investing_discussion,GTCnews,negative,0.9738863706588745
7p6q1m,InvestInIdeas,GTCnews,negative,0.9738863706588745
7p6v5e,InvestInme,GTCnews,negative,0.9738863706588745
7p6xo9,InvestmentBanking123,GTCnews,negative,0.9738863706588745
7p73fn,STOCKMARKETNEWS,GTCnews,negative,0.9738863706588745
7p74la,personalfinance,wake886,neutral,0.716543436050415
7p7f5h,StockMarket,moneta7,neutral,0.9178571701049805
7p9srl,RobinHood,blachat,neutral,0.9355734586715698
7panav,options,prime5,neutral,0.9264770150184631
7pbt1h,NotTooSeriousBusiness,NTSBbot,negative,0.5553556084632874
7pftm6,BTCNews,BTCNews,negative,0.9718927145004272
7pixu4,wallstreetbets,hagos20,neutral,0.8835949301719666
7pjq15,BTCNews,BTCNews,neutral,0.9367838501930237
7pk8ii,NotTooSeriousBusiness,NTSBbot,negative,0.5258110761642456
7plb3x,investing,DaMudaFuka,neutral,0.8492165803909302
7pp62v,wallstreetbets,conRAMU,neutral,0.8061491250991821
7ppx12,wallstreetbets,[deleted],neutral,0.9197320938110352
7pt08h,NotTooSeriousBusiness,NTSBbot,negative,0.5247871279716492
7py485,wallstreetbets,brutalpancake,neutral,0.6634241342544556
7pzelq,RobinHood,hkindness,negative,0.8123873472213745
7q1jye,NotTooSeriousBusiness,NTSBbot,neutral,0.49163368344306946
7q3eyd,wallstreetbets,StockPollsEnterprise,neutral,0.9121692180633545
7qb3kf,wallstreetbets,StockPollsEnterprise,neutral,0.9449206590652466
7qd341,wallstreet,theprofitgod,neutral,0.8934953808784485
7qfku2,wallstreetbets,DaMudaFuka,negative,0.7987534999847412
7qgqv6,investing,[deleted],neutral,0.9484936594963074
7qlxtz,wallstreetbets,Texas_Rangers,neutral,0.9453601837158203
7qmkzo,stocks,[deleted],negative,0.7694569826126099
7qp4nv,Blind,rkingett,neutral,0.9309367537498474
7qppbl,wallstreetbets,TheAssPounder4000,negative,0.8575165271759033
7qros2,MozillaTech,MozillaPlanetFeeder,positive,0.9051759839057922
7qrosq,mozilla,MozillaPlanetFeeder,positive,0.9051759839057922
7qrxct,TombRaider,SightlessKombat,neutral,0.9073331356048584
7qtia4,wallstreetbets,StockPollsEnterprise,neutral,0.9231058359146118
7qungv,wallstreetbets,[deleted],negative,0.5669342279434204
7qup0t,wallstreetbets,McGuineaRI,negative,0.569162905216217
7qutrn,wallstreetbets,DonutBoy11,negative,0.5150508880615234
7qvn5a,Blind,fastfinge,positive,0.9350104331970215
7qxfd7,wallstreetbets,DaMudaFuka,neutral,0.8127614855766296
7qz34f,thewallstreet,ClearParadox,neutral,0.8903229832649231
7qzi5e,wallstreetbets,[deleted],neutral,0.6583035588264465
7ni2nx,stocks,WhenTimeFalls,neutral,0.8337568640708923
7ni2wv,RobinHood,WhenTimeFalls,neutral,0.843751847743988
7ni53m,investing,WhenTimeFalls,neutral,0.843751847743988
7niml4,stocks,[deleted],neutral,0.8798417448997498
7nj52k,thewallstreet,MRPguy,neutral,0.8371378779411316
7nmmja,NotTooSeriousBusiness,NTSBbot,negative,0.4837896227836609
7nmvnw,Conservative,kotov9syndrome,neutral,0.8722102046012878
7nmz9h,StocksAndBoobs,PM_ME_BOOBPIX,neutral,0.8722102046012878
7nn0xm,newstweetfeed,jeff98379,neutral,0.49013984203338623
7nnyqd,apple,reseph,neutral,0.8722102046012878
7npfog,UKFinanceOver30,mike7circles,neutral,0.8722102046012878
7npyh0,NotTooSeriousBusiness,NTSBbot,neutral,0.612049400806427
7nr75e,wallstreetbets,[deleted],neutral,0.8882256150245667
7nralp,The_Profit,theprofitgod,neutral,0.931323766708374
7ns827,wallstreetbets,[deleted],neutral,0.9462010860443115
7nsd78,investing,[deleted],neutral,0.9333937764167786
7nul1s,StockMarket,bigbear0083,neutral,0.8847081661224365
7nulii,stocks,bigbear0083,neutral,0.815068244934082
7nvhqt,NotTooSeriousBusiness,NTSBbot,neutral,0.47919216752052307
7oblf5,NotTooSeriousBusiness,NTSBbot,negative,0.4878586232662201
7ofrzq,wallstreetbets,acj21,neutral,0.673004686832428
7ooihm,NotTooSeriousBusiness,NTSBbot,negative,0.5063405632972717
7ou29w,wallstreetbets,conRAMU,neutral,0.5962610244750977
7oum9t,NotTooSeriousBusiness,NTSBbot,neutral,0.48846983909606934
7oumwj,stocks,[deleted],neutral,0.8548696041107178
7oxyic,u_barbarasnowinsummer,barbarasnowinsummer,neutral,0.8888784050941467
7p483x,NotTooSeriousBusiness,NTSBbot,negative,0.5533660650253296
7p7xf6,stocks,VRgamer84,negative,0.6426399350166321
7pbt1h,NotTooSeriousBusiness,NTSBbot,negative,0.5553556084632874
7phn5k,BTCNews,BTCNews,neutral,0.5369694232940674
7pk8ii,NotTooSeriousBusiness,NTSBbot,negative,0.5258110761642456
7po8bp,StockMarket,bigbear0083,neutral,0.8071690201759338
7po8hv,stocks,bigbear0083,negative,0.47296732664108276
7pp62v,wallstreetbets,conRAMU,neutral,0.8061491250991821
7pt08h,NotTooSeriousBusiness,NTSBbot,negative,0.5247871279716492
7pwlzm,StockMarket,bigbear0083,neutral,0.8174009323120117
7pwmfn,stocks,bigbear0083,neutral,0.6432202458381653
7q1jye,NotTooSeriousBusiness,NTSBbot,neutral,0.49163368344306946
7q25ho,RobinHood,faariss,neutral,0.9517252445220947
7qc9s7,privacy,spykeeda,negative,0.6764551997184753
7qci0b,megalinks,unpaq,neutral,0.9146309494972229
7qfkre,megalinks,[deleted],neutral,0.9213456511497498
7qfld1,megalinks,unpaq,neutral,0.8897130489349365
7qg3n7,megalinks,unpaq,neutral,0.9190582036972046
7qre21,RobinHood,phantom1421,neutral,0.8692032694816589
7qrg1p,ShareYourBlogPost,BriefNewsEu,neutral,0.8762829899787903
7qzcds,stocks,seasonaledge,neutral,0.78778076171875
7r0mny,NotTooSeriousBusiness,NTSBbot,negative,0.5033431053161621
7r49a1,BTCNews,BTCNews,positive,0.9169360995292664
7r4px9,wallstreetbets,lordxblade,negative,0.9612147808074951
7r4ys3,business,paacha2015,positive,0.9169360995292664
7rbm1l,BTCNews,BTCNews,neutral,0.9056664705276489
7rh3y5,newsbotbot,-en-,neutral,0.9362707734107971
7rhs77,stocks,dsarthe,neutral,0.8889613151550293
7rhvaa,newsbotbot,-en-,neutral,0.9336503148078918
7rki0s,stocks,Bass3642,neutral,0.8898305892944336
7rl96p,stocks,galileorussell,neutral,0.8151031732559204
7rsc4i,The_Profit,theprofitgod,neutral,0.918772280216217
7rtb61,stocks,bigbear0083,neutral,0.6663935780525208
7ry54k,wallstreetbets,[deleted],neutral,0.8022956252098083
7s2pvc,wallstreetbets,FlyingBirdSnake,neutral,0.9207292795181274
7s3lru,megalinks,unpaq,neutral,0.930319607257843
7s51pb,RobinHood,Robot_of_Sherwood,neutral,0.9328592419624329
7s5tt7,StockMarket,bigbear0083,negative,0.5346764922142029
7s5u8q,stocks,bigbear0083,negative,0.9065170884132385
7s830f,options,b-s1,neutral,0.8730654716491699
7s8be7,business,paacha2015,neutral,0.9178284406661987
7s8gef,options,adamsegall,neutral,0.7686011791229248
7s8khy,STOCKMARKETNEWS,InvestflyLLC,neutral,0.5886606574058533
7s8wed,wallstreetbets,anilshanbhag,neutral,0.8644881844520569
7s90z1,wallstreetbets,autisticamish,neutral,0.623357355594635
7s9243,wallstreetbets,[deleted],neutral,0.9265921115875244
7s927s,newsbotbot,-en-,positive,0.7733003497123718
7s94vh,investing,Kutukuprek,positive,0.7048712968826294
7s94x5,newsbotbot,-en-,positive,0.9014244079589844
7s96hj,newsbotbot,-en-,neutral,0.5638477802276611
7s97ud,newsbotbot,-en-,positive,0.6265607476234436
7s9c14,stocks,[deleted],positive,0.7310633063316345
7s9cu3,newsbotbot,-en-,neutral,0.8675410151481628
7s9d3r,stocks,[deleted],neutral,0.7125080227851868
7s9hje,stocks,Boston_Red_Sox,neutral,0.5005521178245544
7s9m7b,newstweetfeed,jeff98379,neutral,0.8997817635536194
7s9me4,NBCauto,AutoNewsAdmin,neutral,0.9393694996833801
7s9qbr,newsbotbot,-en-,negative,0.38800138235092163
7s9qbu,newsbotbot,-en-,negative,0.9144107699394226
7s9s1x,thewallstreet,Literally666,neutral,0.8629222512245178
7s9v21,wallstreetbets,smallatom,neutral,0.9363312125205994
7s9wzo,thenewsrightnow,personaontherun,neutral,0.941277027130127
7sa2ua,AutoNewspaper,AutoNewspaperAdmin,neutral,0.9472944736480713
7sagdg,thenewsrightnow,personaontherun,neutral,0.8975871205329895
7saqm2,options,omfglazerpewpew,neutral,0.9182198643684387
7sb5xh,stocks,holdencasey7,neutral,0.6945469975471497
7sbg8e,options,phurtive,neutral,0.9193741679191589
7scadv,The_Profit,theprofitgod,neutral,0.9200994372367859
7scqt3,newsbotbot,-en-,positive,0.9200847744941711
7sct2a,stocks,mellowcholy,neutral,0.8935427665710449
7sd82k,newsbotbot,-en-,positive,0.9062240719795227
7se88t,wallstreetbets,nibbbble,neutral,0.9372128248214722
7se8vb,NBCauto,AutoNewsAdmin,neutral,0.871853768825531
7se9pz,Optionmillionaires,upbstock,positive,0.9495067000389099
7o3o08,Tronix,mlrtist,neutral,0.8834596276283264
7o4fj1,ecology,stalking_inferno,neutral,0.830458402633667
7ob3tm,NCAAFBseries,Richrebelsgta,neutral,0.8086884617805481
7oezd4,investing,HyerStandards,neutral,0.9098783731460571
7ozy19,wallstreetbets,funkychompi,negative,0.9521664381027222
7pahs6,stocks,ItsPillsbury,neutral,0.8688121438026428
7pngq4,hearthstone,Kevin_Chen15,neutral,0.8898440599441528
7pq3iv,Eve,abkiller,neutral,0.9010646939277649
7pwgtd,Optionmillionaires,upbstock,positive,0.9579002261161804
7pwvl4,stocks,ItsPillsbury,negative,0.9269546866416931
7pwy35,stocks,ItsPillsbury,negative,0.6638197898864746
7q35sa,rpg,FirstFox2,neutral,0.9094461798667908
7qbmkh,worldbuilding,FirstFox2,neutral,0.9188584685325623
7qkatr,patientgamers,Haycha3170,neutral,0.919862687587738
7qzahy,RobinHood,NoobInvestorVlog,neutral,0.7833788990974426
7s9as8,TheSilphRoad,BravoDelta23,neutral,0.9216729998588562
7sbnul,mythic_gme,OrchardSun,neutral,0.904462456703186
7sxly8,paragon,Odot6ixKing_Kosmos11,neutral,0.6636086106300354
7t1p34,u_prithibitheke,prithibitheke,neutral,0.9325818419456482
7t6xmw,stocks,BlakeTb,neutral,0.9261958599090576
7taypu,rpg,theblacksquid_05,neutral,0.9038264155387878
7tccrf,miniSNESmods,BsLeNuL,neutral,0.9349186420440674
7tzmsw,playrust,Muhammed_Islam,neutral,0.7605465650558472
7u2ks6,Overwatch,_Jetto_,neutral,0.902829110622406
7v1ono,AskPhysics,KarpetK,neutral,0.9192908406257629
7vcfcc,teenagers,Not_Leon,neutral,0.802378237247467
7vqezs,FFBraveExvius,W3R3BEAR,neutral,0.8668004870414734
7w4ep9,leagueoflegends,pavlep_,neutral,0.9032056927680969
7wl1j0,Overwatch,Winterberg03,neutral,0.7380417585372925
7wunnj,ICanDrawThat,ItsAChimp,neutral,0.9324485063552856
7wx2rz,mythic_gme,Classictoy,neutral,0.9414587020874023
7xa37s,mythic_gme,FirstFox2,neutral,0.9298951029777527
7xh8kc,REPORT_ITALIANO,report_italiano,neutral,0.9158269762992859
7xhf9m,PUBATTLEGROUNDS,The_Uncrown_King,neutral,0.8044083714485168
7ypq8o,rpg,signoftheserpent,neutral,0.8858776092529297
7z4nrq,u_adityakurapati,adityakurapati,neutral,0.7934237718582153
7zb4xh,dbxv,well_herro_der,negative,0.7617446780204773
7zwe54,Rainbow6,strictlysneakyy,neutral,0.8765193223953247
7zwjlo,R6STeams,strictlysneakyy,neutral,0.8702030777931213
80pxlv,wallstreetbets,Jowemaha,positive,0.9366866946220398
80qam6,newstweetfeed,jeff98379,neutral,0.8892838358879089
80s7d2,SecurityAnalysis,Jowemaha,neutral,0.5781885385513306
80wz7l,trading_ideas,SergeyFF,neutral,0.9380571842193604
80wzd8,WorldOfFinalFantasy,PsychoMan53,neutral,0.8949421644210815
81aq2y,u_GaspieGaming,GaspieGaming,neutral,0.905829668045044
81eu1n,The_Profit,theprofitgod,neutral,0.917402446269989
81w95p,4x4,Impotentlobster,neutral,0.8855826258659363
82yqyh,3dspiracy,Gelate98,neutral,0.5410149693489075
83llwi,RocketLeagueExchange,[deleted],neutral,0.8775689005851746
84357p,DotA2,MoranGuy,neutral,0.8511579632759094
8450kn,FortNiteBR,JeffJuan,neutral,0.8871811032295227
84lssg,stalker,kiingkiller,neutral,0.874142587184906
84lzay,REPORT_ITALIANO,report_italiano,neutral,0.9281679391860962
84lzps,ddo,dydzio,neutral,0.8008360862731934
84tpgi,u_eric181985,eric181985,neutral,0.9320136904716492
85ne3s,investing,JakeSmithsPhone,neutral,0.4994051456451416
85vd02,rpg,ZeeMastermind,neutral,0.9063771963119507
85xnp0,wallstreetbets,etzel1200,negative,0.8082095980644226
861m9l,FortniteBattleRoyale,C00lSketcherFanBoy,neutral,0.927869439125061
864onb,StopGaming,[deleted],neutral,0.8374200463294983
866oyf,mythic_gme,Classictoy,neutral,0.8910848498344421
86cucp,AskVet,bluphonics,neutral,0.701663613319397
86hjoh,GameStop,ThisAltIsALie,negative,0.950192928314209
86k7to,mythic_gme,IdenticalChimp,neutral,0.9000541567802429
86ncrk,swtor,swbetawa,neutral,0.7126494646072388
86qf3v,investing,pritz786,negative,0.8732548356056213
876vqi,stocks,Gerk-,negative,0.6253308057785034
8788vx,RobinHood,Robot_of_Sherwood,neutral,0.9431470036506653
87cn7l,solar,jdcoffman15,neutral,0.7936932444572449
87f0au,OpenEmu,Dw_Vonder,neutral,0.9303584694862366
87hb1z,RobinHood,Robot_of_Sherwood,neutral,0.9432886242866516
87k7b8,mythic_gme,IdenticalChimp,neutral,0.9184672832489014
87qoi0,RobinHood,Robot_of_Sherwood,neutral,0.9432262182235718
87rqu8,stocks,bigbear0083,positive,0.8849420547485352
87v547,newstweetfeed,jeff98379,neutral,0.9284976720809937
87v83u,investing,JakeSmithsPhone,positive,0.9352121353149414
87vhox,newstweetfeed,jeff98379,neutral,0.6070650815963745
87w15j,NBCauto,AutoNewsAdmin,neutral,0.940920889377594
87w50v,AutoNewspaper,AutoNewspaperAdmin,neutral,0.9426281452178955
87w9b0,wallstreetbets,go_home_cook_rice,neutral,0.7484138607978821
880qex,NBCauto,AutoNewsAdmin,neutral,0.8675864934921265
881581,AutoNewspaper,AutoNewspaperAdmin,neutral,0.8850346803665161
881sy5,investing,rac31x,negative,0.960418701171875
884nho,wallstreetbets,andthenisawtheblood,negative,0.9613466262817383
884ram,wallstreetbets,RobinhoodFag,neutral,0.8514183759689331
88dz6l,magicTCG,kappasthrowaway,neutral,0.9237599968910217
88f30v,schizophrenia,nonenn,negative,0.8012570142745972
89d17y,FortNiteBR,Gr4Ff1Ti,neutral,0.9335284233093262
89grkz,leagueoflegends,Freezer20,neutral,0.8761897087097168
89hf0k,medicalschool,shponglenectar,neutral,0.8656467795372009
89iaec,teenagers,niv76,neutral,0.8692458868026733
89xrxw,StockMarket,Sophocles75,positive,0.5872411131858826
89zs1y,houston,[deleted],neutral,0.7804068326950073
8a0ex5,mythic_gme,IdenticalChimp,neutral,0.9039189219474792
8amuh4,teenagersnew,[deleted],negative,0.7851505875587463
8bj3a4,wallstreetbets,QuantalyticsResearch,negative,0.9659179449081421
8boz3h,mythic_gme,H-Bob-omb,neutral,0.9088568687438965
8byeyn,REPORT_ITALIANO,report_italiano,neutral,0.9410334229469299
8col4a,commandline,hkdanalyser,neutral,0.9264416098594666
8cy4x9,starsheltervr,MyOtherAcctsAPorsche,neutral,0.9222398400306702
